PersonCardID,Date,ClockIn,ClockOut
0005,03/01/2025,08:44,17:31
0010,03/01/2025,08:11,17:35
0014,03/01/2025,08:13,17:34
0019,03/01/2025,07:50,17:30
0022,03/01/2025,08:04,16:37
0060,03/01/2025,08:24,17:30
0085,03/01/2025,08:24,17:39
0097,03/01/2025,07:54,17:41
0111,03/01/2025,08:30,17:35
0125,03/01/2025,08:27,17:39
0145,03/01/2025,08:04,17:41
0152,03/01/2025,12:13,17:35
0220,03/01/2025,08:06,23:08
0284,03/01/2025,08:20,17:01
0291,03/01/2025,07:10,18:56
0005,06/01/2025,08:22,17:31
0010,06/01/2025,08:10,17:32
0013,06/01/2025,07:01,17:32
0014,06/01/2025,08:29,17:30
0019,06/01/2025,07:57,17:31
0021,06/01/2025,08:07,17:36
0022,06/01/2025,13:32,18:52
0024,06/01/2025,08:18,17:31
0052,06/01/2025,07:49,17:31
0060,06/01/2025,08:25,17:33
0085,06/01/2025,08:29,17:32
0097,06/01/2025,08:02,17:32
0111,06/01/2025,08:06,17:36
0125,06/01/2025,08:03,17:33
0145,06/01/2025,07:55,17:48
0152,06/01/2025,08:17,17:32
0154,06/01/2025,08:23,17:48
0201,06/01/2025,08:07,17:33
0220,06/01/2025,08:12,20:26
0253,06/01/2025,08:32,17:42
0281,06/01/2025,08:11,17:44
0284,06/01/2025,08:31,17:34
0286,06/01/2025,08:20,20:44
0291,06/01/2025,08:21,20:26
0005,07/01/2025,08:19,17:33
0010,07/01/2025,08:16,17:37
0013,07/01/2025,07:07,17:36
0014,07/01/2025,09:06,17:33
0019,07/01/2025,07:27,17:30
0021,07/01/2025,08:07,17:36
0022,07/01/2025,08:15,20:57
0024,07/01/2025,08:24,11:04
0052,07/01/2025,07:44,17:33
0060,07/01/2025,08:25,17:36
0085,07/01/2025,08:19,17:37
0097,07/01/2025,08:07,17:38
0111,07/01/2025,08:28,17:36
0125,07/01/2025,07:45,17:37
0145,07/01/2025,08:00,17:42
0152,07/01/2025,08:19,17:36
0154,07/01/2025,08:22,17:42
0201,07/01/2025,08:16,17:42
0218,07/01/2025,08:24,17:40
0220,07/01/2025,08:16,23:03
0253,07/01/2025,08:29,17:39
0279,07/01/2025,08:33,17:51
0281,07/01/2025,08:08,17:44
0284,07/01/2025,08:28,17:42
0286,07/01/2025,08:19,11:10
0291,07/01/2025,08:24,21:01
0005,08/01/2025,08:25,17:34
0010,08/01/2025,08:13,17:32
0013,08/01/2025,07:11,17:41
0014,08/01/2025,08:24,17:32
0019,08/01/2025,08:01,17:38
0021,08/01/2025,08:06,17:41
0022,08/01/2025,09:32,20:51
0024,08/01/2025,08:21,17:33
0052,08/01/2025,08:13,17:41
0060,08/01/2025,08:23,17:41
0097,08/01/2025,08:07,17:40
0111,08/01/2025,08:06,17:41
0125,08/01/2025,08:10,17:33
0152,08/01/2025,08:13,17:37
0154,08/01/2025,08:22,17:43
0201,08/01/2025,08:12,17:39
0218,08/01/2025,08:30,17:39
0220,08/01/2025,08:18,22:57
0253,08/01/2025,08:29,17:51
0279,08/01/2025,13:30,18:03
0281,08/01/2025,08:13,17:43
0284,08/01/2025,08:28,17:38
0286,08/01/2025,08:22,20:41
0291,08/01/2025,08:30,18:17
0005,09/01/2025,08:24,17:33
0010,09/01/2025,08:23,17:32
0013,09/01/2025,07:06,17:35
0014,09/01/2025,08:30,17:31
0019,09/01/2025,07:58,17:35
0021,09/01/2025,08:12,17:35
0022,09/01/2025,08:24,20:57
0024,09/01/2025,08:15,17:41
0052,09/01/2025,08:10,17:35
0085,09/01/2025,08:26,17:34
0097,09/01/2025,08:00,17:36
0111,09/01/2025,08:13,12:34
0125,09/01/2025,08:21,17:35
0145,09/01/2025,07:55,17:43
0152,09/01/2025,08:12,17:33
0154,09/01/2025,08:23,17:43
0218,09/01/2025,08:27,17:34
0220,09/01/2025,08:19,23:00
0253,09/01/2025,08:29,17:35
0279,09/01/2025,08:19,19:19
0281,09/01/2025,08:07,17:43
0284,09/01/2025,08:26,17:34
0286,09/01/2025,08:21,23:05
0291,09/01/2025,08:26,08:26
0005,10/01/2025,08:25,17:31
0010,10/01/2025,08:21,17:34
0013,10/01/2025,07:08,17:33
0014,10/01/2025,08:26,17:34
0019,10/01/2025,07:36,17:31
0021,10/01/2025,08:02,17:31
0022,10/01/2025,08:19,21:43
0060,10/01/2025,08:27,17:32
0097,10/01/2025,07:58,17:32
0125,10/01/2025,07:39,17:34
0145,10/01/2025,07:52,17:57
0152,10/01/2025,08:19,18:28
0154,10/01/2025,08:27,17:57
0201,10/01/2025,08:13,17:33
0218,10/01/2025,08:27,17:37
0220,10/01/2025,08:19,23:47
0253,10/01/2025,08:27,17:34
0279,10/01/2025,08:19,18:14
0281,10/01/2025,08:06,17:30
0284,10/01/2025,08:26,08:26
0286,10/01/2025,08:20,18:57
0291,10/01/2025,08:16,19:51
0005,13/01/2025,08:29,17:34
0010,13/01/2025,08:13,17:32
0013,13/01/2025,07:13,17:36
0014,13/01/2025,08:28,17:31
0021,13/01/2025,08:12,17:35
0022,13/01/2025,08:22,20:17
0052,13/01/2025,07:36,13:58
0060,13/01/2025,08:26,17:40
0085,13/01/2025,08:29,13:37
0097,13/01/2025,08:13,17:33
0111,13/01/2025,08:24,17:35
0125,13/01/2025,08:25,17:32
0145,13/01/2025,08:08,17:38
0152,13/01/2025,08:19,17:33
0154,13/01/2025,08:26,17:38
0201,13/01/2025,08:14,18:23
0220,13/01/2025,08:22,22:02
0253,13/01/2025,08:30,17:38
0279,13/01/2025,08:32,18:19
0281,13/01/2025,08:08,17:42
0284,13/01/2025,08:26,17:37
0286,13/01/2025,08:22,20:54
0010,14/01/2025,08:26,17:34
0013,14/01/2025,07:22,17:40
0014,14/01/2025,08:40,17:33
0021,14/01/2025,08:04,17:34
0022,14/01/2025,08:14,20:10
0024,14/01/2025,08:21,17:32
0052,14/01/2025,07:37,17:40
0060,14/01/2025,08:28,17:34
0085,14/01/2025,08:29,17:34
0097,14/01/2025,08:08,20:10
0111,14/01/2025,08:05,17:34
0125,14/01/2025,08:22,17:34
0152,14/01/2025,08:16,18:50
0154,14/01/2025,08:21,17:34
0201,14/01/2025,08:24,17:37
0218,14/01/2025,08:30,17:35
0220,14/01/2025,08:10,21:22
0279,14/01/2025,08:33,18:19
0281,14/01/2025,08:10,17:38
0284,14/01/2025,08:26,17:37
0286,14/01/2025,09:23,19:58
0291,14/01/2025,08:20,17:39
0005,15/01/2025,08:28,17:32
0010,15/01/2025,08:30,17:42
0014,15/01/2025,08:28,17:48
0019,15/01/2025,07:46,17:31
0021,15/01/2025,08:06,17:33
0022,15/01/2025,08:21,19:55
0024,15/01/2025,08:09,17:31
0052,15/01/2025,07:46,17:32
0060,15/01/2025,08:27,17:36
0085,15/01/2025,08:35,17:51
0097,15/01/2025,08:04,17:37
0111,15/01/2025,08:06,17:32
0125,15/01/2025,08:28,12:20
0145,15/01/2025,07:44,17:58
0152,15/01/2025,08:19,17:30
0154,15/01/2025,08:23,18:01
0201,15/01/2025,08:18,17:35
0218,15/01/2025,08:23,17:34
0220,15/01/2025,08:21,21:06
0253,15/01/2025,08:29,17:34
0279,15/01/2025,08:02,19:38
0281,15/01/2025,08:12,17:42
0284,15/01/2025,08:30,17:36
0286,15/01/2025,08:21,18:36
0291,15/01/2025,08:17,21:06
0005,16/01/2025,08:25,17:33
0010,16/01/2025,08:21,17:35
0013,16/01/2025,07:27,17:36
0014,16/01/2025,08:26,17:30
0019,16/01/2025,07:31,17:33
0022,16/01/2025,08:09,15:44
0024,16/01/2025,08:08,17:33
0052,16/01/2025,08:01,17:33
0060,16/01/2025,08:20,17:36
0085,16/01/2025,08:23,17:35
0097,16/01/2025,07:56,17:37
0111,16/01/2025,08:01,17:36
0125,16/01/2025,08:11,17:35
0145,16/01/2025,07:46,18:12
0152,16/01/2025,08:14,17:33
0154,16/01/2025,08:22,18:14
0201,16/01/2025,08:30,16:33
0218,16/01/2025,08:21,17:35
0220,16/01/2025,08:04,20:04
0253,16/01/2025,08:28,17:35
0279,16/01/2025,08:20,18:34
0281,16/01/2025,08:07,18:02
0284,16/01/2025,08:31,17:37
0286,16/01/2025,08:23,20:24
0291,16/01/2025,08:21,18:33
0005,17/01/2025,08:32,17:32
0010,17/01/2025,08:10,17:31
0013,17/01/2025,07:15,17:32
0014,17/01/2025,08:34,17:32
0019,17/01/2025,07:32,17:31
0021,17/01/2025,08:08,17:33
0022,17/01/2025,08:27,21:37
0024,17/01/2025,08:17,17:32
0052,17/01/2025,07:41,17:31
0060,17/01/2025,08:26,17:33
0097,17/01/2025,08:02,17:50
0111,17/01/2025,08:08,15:38
0125,17/01/2025,08:28,17:32
0201,17/01/2025,08:15,17:35
0218,17/01/2025,08:24,17:44
0220,17/01/2025,08:19,22:21
0253,17/01/2025,08:29,17:33
0284,17/01/2025,08:27,17:35
0286,17/01/2025,08:22,22:37
0005,20/01/2025,08:22,17:30
0010,20/01/2025,08:29,17:36
0013,20/01/2025,07:13,13:28
0019,20/01/2025,07:45,17:30
0022,20/01/2025,09:02,20:49
0024,20/01/2025,08:20,17:31
0052,20/01/2025,07:45,15:31
0060,20/01/2025,08:23,17:31
0085,20/01/2025,08:26,17:36
0097,20/01/2025,08:03,17:33
0111,20/01/2025,08:09,17:35
0125,20/01/2025,08:29,17:35
0145,20/01/2025,08:02,17:50
0152,20/01/2025,08:19,17:44
0154,20/01/2025,08:22,17:50
0201,20/01/2025,08:13,17:34
0220,20/01/2025,08:24,21:42
0279,20/01/2025,08:16,18:26
0286,20/01/2025,08:15,10:53
0291,20/01/2025,08:22,19:13
0005,21/01/2025,08:22,17:30
0010,21/01/2025,08:24,17:34
0013,21/01/2025,07:06,17:32
0014,21/01/2025,08:28,17:30
0019,21/01/2025,08:02,17:31
0021,21/01/2025,08:08,17:32
0022,21/01/2025,08:16,21:19
0024,21/01/2025,08:15,17:31
0052,21/01/2025,07:47,17:32
0060,21/01/2025,08:14,17:32
0085,21/01/2025,08:31,17:35
0097,21/01/2025,08:09,17:55
0111,21/01/2025,08:09,17:32
0125,21/01/2025,08:27,17:36
0145,21/01/2025,08:03,17:45
0152,21/01/2025,08:14,17:33
0154,21/01/2025,08:18,17:45
0201,21/01/2025,08:02,17:37
0220,21/01/2025,08:19,21:19
0253,21/01/2025,08:32,17:34
0279,21/01/2025,08:19,17:55
0281,21/01/2025,08:10,17:38
0284,21/01/2025,08:27,17:37
0286,21/01/2025,08:21,19:58
0291,21/01/2025,08:27,21:19
0005,22/01/2025,08:27,18:17
0010,22/01/2025,08:18,17:32
0013,22/01/2025,07:12,17:31
0014,22/01/2025,08:29,17:31
0019,22/01/2025,07:48,17:30
0021,22/01/2025,08:03,17:34
0022,22/01/2025,08:08,20:06
0024,22/01/2025,08:22,17:30
0052,22/01/2025,07:43,17:31
0060,22/01/2025,08:25,17:34
0085,22/01/2025,09:40,17:32
0097,22/01/2025,08:00,17:36
0111,22/01/2025,08:19,17:34
0125,22/01/2025,07:53,17:32
0145,22/01/2025,07:52,17:34
0152,22/01/2025,11:42,17:30
0154,22/01/2025,08:27,10:29
0201,22/01/2025,08:15,17:34
0218,22/01/2025,08:27,17:40
0220,22/01/2025,08:22,22:24
0253,22/01/2025,08:28,17:34
0279,22/01/2025,08:29,19:12
0281,22/01/2025,08:07,17:49
0284,22/01/2025,08:28,17:33
0286,22/01/2025,08:23,10:34
0291,22/01/2025,08:22,19:12
0005,23/01/2025,08:30,17:31
0010,23/01/2025,08:10,17:33
0013,23/01/2025,07:08,17:33
0019,23/01/2025,06:50,17:31
0021,23/01/2025,08:10,17:32
0024,23/01/2025,08:16,17:31
0052,23/01/2025,07:40,17:33
0060,23/01/2025,08:20,17:32
0085,23/01/2025,08:30,08:30
0097,23/01/2025,07:55,17:37
0111,23/01/2025,08:23,17:32
0125,23/01/2025,07:49,07:49
0145,23/01/2025,07:37,17:35
0152,23/01/2025,08:22,17:31
0201,23/01/2025,08:02,17:35
0218,23/01/2025,08:29,17:40
0220,23/01/2025,08:21,21:30
0253,23/01/2025,08:29,17:36
0279,23/01/2025,08:16,17:56
0281,23/01/2025,08:08,17:39
0284,23/01/2025,08:29,17:34
0291,23/01/2025,08:23,21:30
0005,24/01/2025,08:19,17:31
0010,24/01/2025,08:24,17:41
0013,24/01/2025,07:07,17:33
0019,24/01/2025,07:36,17:33
0021,24/01/2025,08:06,16:33
0024,24/01/2025,08:07,12:31
0052,24/01/2025,08:06,17:33
0060,24/01/2025,08:19,17:33
0111,24/01/2025,08:15,17:33
0152,24/01/2025,09:45,09:49
0218,24/01/2025,08:25,17:46
0220,24/01/2025,22:07,22:07
0253,24/01/2025,08:28,17:40
0281,24/01/2025,08:30,17:42
0284,24/01/2025,15:03,17:34
0291,24/01/2025,08:30,17:48
0005,27/01/2025,08:25,17:31
0010,27/01/2025,08:29,17:45
0013,27/01/2025,07:22,17:36
0014,27/01/2025,08:26,18:30
0019,27/01/2025,07:34,17:32
0021,27/01/2025,08:07,17:34
0022,27/01/2025,08:07,21:04
0024,27/01/2025,08:12,17:32
0052,27/01/2025,07:29,10:30
0060,27/01/2025,08:19,17:36
0085,27/01/2025,08:26,18:31
0111,27/01/2025,08:14,17:34
0125,27/01/2025,07:50,18:31
0145,27/01/2025,07:51,18:20
0152,27/01/2025,08:21,17:32
0154,27/01/2025,08:16,18:20
0201,27/01/2025,08:19,17:36
0218,27/01/2025,08:21,17:37
0220,27/01/2025,08:23,21:39
0253,27/01/2025,08:27,17:40
0279,27/01/2025,08:13,18:21
0281,27/01/2025,08:08,17:39
0284,27/01/2025,08:29,17:33
0291,27/01/2025,08:22,19:10
0005,28/01/2025,08:28,17:31
0013,28/01/2025,07:13,17:33
0014,28/01/2025,08:21,17:47
0021,28/01/2025,08:07,17:32
0022,28/01/2025,08:10,20:59
0052,28/01/2025,07:59,17:32
0060,28/01/2025,08:29,17:33
0085,28/01/2025,08:25,17:53
0097,28/01/2025,08:08,17:32
0111,28/01/2025,08:08,17:32
0125,28/01/2025,07:48,07:48
0145,28/01/2025,07:47,17:37
0152,28/01/2025,08:19,17:34
0201,28/01/2025,08:02,17:33
0218,28/01/2025,08:22,17:36
0253,28/01/2025,08:29,17:40
0279,28/01/2025,08:16,17:42
0281,28/01/2025,08:10,17:38
0284,28/01/2025,08:22,19:02
0291,28/01/2025,08:27,17:14
0005,29/01/2025,08:27,17:31
0010,29/01/2025,08:16,17:34
0013,29/01/2025,07:07,17:33
0014,29/01/2025,08:29,12:22
0019,29/01/2025,07:25,17:31
0021,29/01/2025,08:04,17:37
0022,29/01/2025,08:30,20:36
0052,29/01/2025,08:00,17:38
0060,29/01/2025,08:18,17:36
0085,29/01/2025,09:12,17:36
0097,29/01/2025,07:58,17:39
0111,29/01/2025,08:04,17:37
0152,29/01/2025,08:18,17:34
0154,29/01/2025,08:21,17:48
0201,29/01/2025,08:22,17:37
0218,29/01/2025,08:14,17:37
0220,29/01/2025,07:58,22:05
0253,29/01/2025,08:27,17:37
0279,29/01/2025,08:16,18:01
0281,29/01/2025,08:12,17:48
0284,29/01/2025,08:28,17:33
0286,29/01/2025,08:22,12:32
0291,29/01/2025,08:28,15:53
0005,30/01/2025,08:26,17:31
0010,30/01/2025,08:13,17:52
0013,30/01/2025,07:09,17:32
0019,30/01/2025,07:32,17:30
0021,30/01/2025,08:06,17:36
0022,30/01/2025,08:07,12:19
0024,30/01/2025,08:12,17:31
0052,30/01/2025,07:48,17:32
0060,30/01/2025,08:14,17:32
0085,30/01/2025,08:32,17:53
0097,30/01/2025,07:51,17:36
0111,30/01/2025,08:06,17:36
0125,30/01/2025,08:03,17:53
0145,30/01/2025,07:43,17:44
0152,30/01/2025,08:16,17:32
0154,30/01/2025,08:25,17:44
0201,30/01/2025,08:08,17:32
0218,30/01/2025,08:27,17:35
0220,30/01/2025,08:23,22:11
0253,30/01/2025,08:32,17:49
0279,30/01/2025,08:17,19:38
0281,30/01/2025,08:10,17:44
0284,30/01/2025,08:19,19:02
0291,30/01/2025,08:21,19:52
0005,31/01/2025,08:28,17:38
0010,31/01/2025,08:21,17:31
0013,31/01/2025,07:13,17:34
0014,31/01/2025,08:27,17:30
0019,31/01/2025,07:44,17:31
0021,31/01/2025,08:16,17:33
0022,31/01/2025,08:17,21:52
0024,31/01/2025,08:08,17:31
0052,31/01/2025,07:52,17:31
0060,31/01/2025,08:18,17:34
0097,31/01/2025,08:06,17:36
0111,31/01/2025,08:16,17:33
0145,31/01/2025,07:50,18:21
0152,31/01/2025,08:19,17:33
0154,31/01/2025,08:25,18:21
0201,31/01/2025,08:02,17:34
0218,31/01/2025,08:17,17:39
0220,31/01/2025,08:17,21:38
0253,31/01/2025,08:25,17:33
0279,31/01/2025,08:22,18:41
0281,31/01/2025,08:11,17:48
0284,31/01/2025,08:29,17:34
0286,31/01/2025,08:26,21:52
0291,31/01/2025,08:26,19:47
0005,03/02/2025,08:27,17:32
0010,03/02/2025,08:11,17:36
0013,03/02/2025,07:07,17:32
0014,03/02/2025,08:32,17:38
0019,03/02/2025,07:56,17:31
0021,03/02/2025,08:06,17:33
0022,03/02/2025,08:31,18:44
0024,03/02/2025,08:14,17:31
0052,03/02/2025,07:48,17:32
0060,03/02/2025,08:13,17:32
0085,03/02/2025,08:20,17:38
0097,03/02/2025,08:00,18:37
0111,03/02/2025,08:06,17:34
0125,03/02/2025,07:52,17:38
0145,03/02/2025,08:05,17:48
0152,03/02/2025,08:21,17:41
0154,03/02/2025,08:20,17:48
0201,03/02/2025,08:05,10:51
0218,03/02/2025,08:28,17:35
0220,03/02/2025,08:26,19:51
0253,03/02/2025,08:28,17:34
0262,03/02/2025,07:55,13:54
0279,03/02/2025,08:13,18:27
0284,03/02/2025,12:26,17:33
0286,03/02/2025,08:19,19:41
0291,03/02/2025,08:19,19:53
0010,04/02/2025,08:11,17:33
0013,04/02/2025,07:00,11:06
0014,04/02/2025,08:27,17:32
0019,04/02/2025,07:55,17:31
0021,04/02/2025,08:04,17:47
0022,04/02/2025,08:21,20:58
0024,04/02/2025,08:02,17:32
0085,04/02/2025,08:27,17:32
0111,04/02/2025,08:16,17:47
0125,04/02/2025,07:46,17:33
0145,04/02/2025,07:54,17:55
0152,04/02/2025,10:32,17:33
0154,04/02/2025,17:55,17:55
0201,04/02/2025,08:10,17:38
0218,04/02/2025,08:29,17:33
0220,04/02/2025,08:23,22:19
0253,04/02/2025,08:29,17:33
0262,04/02/2025,08:17,17:39
0279,04/02/2025,08:12,19:51
0281,04/02/2025,08:08,17:49
0284,04/02/2025,08:27,10:45
0286,04/02/2025,08:18,20:59
0291,04/02/2025,08:24,19:51
0005,05/02/2025,08:25,17:31
0010,05/02/2025,08:17,17:30
0013,05/02/2025,07:15,17:33
0014,05/02/2025,08:29,17:30
0019,05/02/2025,07:36,17:31
0021,05/02/2025,08:01,17:33
0022,05/02/2025,08:13,20:07
0024,05/02/2025,08:21,17:31
0052,05/02/2025,08:08,14:43
0060,05/02/2025,08:14,17:41
0097,05/02/2025,08:07,08:07
0111,05/02/2025,08:13,17:31
0152,05/02/2025,12:33,17:33
0154,05/02/2025,08:23,17:57
0201,05/02/2025,07:49,17:34
0218,05/02/2025,08:28,17:44
0220,05/02/2025,08:19,22:07
0253,05/02/2025,08:28,17:31
0262,05/02/2025,08:14,18:12
0279,05/02/2025,08:25,18:53
0281,05/02/2025,08:10,17:40
0284,05/02/2025,08:30,17:34
0286,05/02/2025,08:18,19:54
0291,05/02/2025,08:23,18:20
0010,06/02/2025,08:14,17:31
0013,06/02/2025,07:25,17:32
0014,06/02/2025,08:28,17:33
0019,06/02/2025,07:15,07:32
0021,06/02/2025,08:03,17:34
0022,06/02/2025,08:17,16:38
0024,06/02/2025,08:12,17:32
0052,06/02/2025,07:33,07:33
0060,06/02/2025,07:32,07:33
0097,06/02/2025,08:06,17:41
0111,06/02/2025,08:16,17:34
0145,06/02/2025,07:44,17:59
0152,06/02/2025,08:20,17:43
0154,06/02/2025,08:26,17:59
0201,06/02/2025,08:07,17:34
0218,06/02/2025,08:27,17:36
0220,06/02/2025,08:14,21:31
0253,06/02/2025,12:33,22:37
0279,06/02/2025,08:15,18:21
0281,06/02/2025,08:12,17:45
0284,06/02/2025,08:28,17:35
0286,06/02/2025,08:28,20:11
0291,06/02/2025,08:23,21:31
0013,07/02/2025,07:12,17:33
0014,07/02/2025,08:37,17:36
0019,07/02/2025,07:18,17:31
0021,07/02/2025,08:02,17:31
0022,07/02/2025,08:20,18:04
0024,07/02/2025,08:18,17:31
0085,07/02/2025,08:28,12:37
0097,07/02/2025,07:58,16:02
0111,07/02/2025,08:22,17:31
0125,07/02/2025,07:51,17:42
0145,07/02/2025,07:55,18:43
0152,07/02/2025,08:20,13:02
0154,07/02/2025,08:30,18:43
0201,07/02/2025,08:01,17:33
0218,07/02/2025,08:26,17:58
0220,07/02/2025,08:14,22:19
0262,07/02/2025,08:14,18:04
0279,07/02/2025,08:16,18:43
0281,07/02/2025,08:09,18:03
0284,07/02/2025,12:43,17:33
0286,07/02/2025,08:08,22:39
0291,07/02/2025,08:27,17:52
0010,10/02/2025,08:25,17:37
0013,10/02/2025,07:20,17:31
0014,10/02/2025,08:21,17:34
0019,10/02/2025,07:57,17:30
0021,10/02/2025,08:06,17:32
0022,10/02/2025,08:15,19:21
0052,10/02/2025,07:58,17:31
0085,10/02/2025,08:29,17:37
0097,10/02/2025,08:00,17:32
0111,10/02/2025,08:17,17:32
0125,10/02/2025,07:30,17:37
0145,10/02/2025,08:08,18:00
0152,10/02/2025,08:20,10:38
0154,10/02/2025,08:28,09:21
0220,10/02/2025,08:19,19:18
0253,10/02/2025,08:28,17:31
0262,10/02/2025,09:31,17:37
0279,10/02/2025,08:21,18:02
0281,10/02/2025,08:08,15:20
0284,10/02/2025,08:51,17:47
0286,10/02/2025,08:12,18:05
0010,11/02/2025,08:22,17:42
0013,11/02/2025,07:14,17:32
0019,11/02/2025,07:49,17:31
0021,11/02/2025,07:59,17:33
0052,11/02/2025,07:22,17:32
0085,11/02/2025,08:25,17:43
0097,11/02/2025,08:08,17:34
0111,11/02/2025,08:22,17:32
0125,11/02/2025,07:42,17:40
0145,11/02/2025,08:04,09:34
0152,11/02/2025,09:28,10:02
0154,11/02/2025,08:22,09:54
0218,11/02/2025,08:29,17:41
0220,11/02/2025,08:30,20:23
0253,11/02/2025,08:27,17:31
0262,11/02/2025,08:13,17:39
0279,11/02/2025,08:19,08:19
0281,11/02/2025,08:09,09:58
0284,11/02/2025,08:28,17:32
0286,11/02/2025,08:20,20:59
0013,13/02/2025,07:08,17:32
0014,13/02/2025,08:15,17:32
0019,13/02/2025,07:41,17:31
0021,13/02/2025,08:13,17:32
0022,13/02/2025,08:14,18:59
0024,13/02/2025,08:12,17:31
0052,13/02/2025,08:11,17:31
0097,13/02/2025,08:04,17:54
0111,13/02/2025,08:18,17:32
0125,13/02/2025,07:46,13:39
0145,13/02/2025,07:46,15:11
0152,13/02/2025,08:16,15:11
0154,13/02/2025,08:18,13:11
0201,13/02/2025,08:10,17:36
0218,13/02/2025,08:27,17:36
0220,13/02/2025,09:20,21:27
0253,13/02/2025,08:28,17:31
0262,13/02/2025,08:19,17:40
0279,13/02/2025,08:20,13:27
0281,13/02/2025,08:11,13:24
0284,13/02/2025,08:24,17:36
0286,13/02/2025,13:19,19:52
0010,14/02/2025,08:09,17:31
0013,14/02/2025,07:03,17:34
0014,14/02/2025,08:25,17:30
0019,14/02/2025,07:49,13:37
0022,14/02/2025,08:03,15:53
0024,14/02/2025,08:12,17:33
0060,14/02/2025,08:25,17:33
0085,14/02/2025,08:28,17:35
0097,14/02/2025,07:58,17:40
0111,14/02/2025,08:14,17:38
0125,14/02/2025,07:53,17:36
0201,14/02/2025,08:25,17:35
0218,14/02/2025,08:26,17:43
0220,14/02/2025,08:38,17:58
0253,14/02/2025,08:31,17:43
0262,14/02/2025,08:20,16:26
0284,14/02/2025,08:27,13:34
0286,14/02/2025,08:22,16:58
0005,17/02/2025,08:54,17:33
0010,17/02/2025,08:25,17:35
0013,17/02/2025,07:07,17:32
0014,17/02/2025,08:39,17:32
0021,17/02/2025,08:12,17:34
0022,17/02/2025,08:17,19:11
0024,17/02/2025,08:06,10:51
0052,17/02/2025,08:17,17:32
0060,17/02/2025,08:21,17:32
0085,17/02/2025,08:29,17:35
0097,17/02/2025,08:13,17:45
0111,17/02/2025,08:21,17:34
0152,17/02/2025,08:17,17:35
0154,17/02/2025,08:21,18:05
0201,17/02/2025,08:26,17:35
0218,17/02/2025,08:27,17:39
0220,17/02/2025,08:11,19:48
0253,17/02/2025,08:26,17:34
0262,17/02/2025,08:19,17:40
0279,17/02/2025,08:23,19:48
0284,17/02/2025,08:28,17:31
0286,17/02/2025,08:24,19:03
0291,17/02/2025,08:26,19:48
0005,18/02/2025,08:36,17:35
0010,18/02/2025,08:25,17:31
0013,18/02/2025,07:04,17:37
0019,18/02/2025,07:45,17:31
0021,18/02/2025,08:10,17:33
0024,18/02/2025,08:17,10:29
0060,18/02/2025,08:28,17:37
0085,18/02/2025,08:08,17:31
0097,18/02/2025,08:10,17:35
0111,18/02/2025,08:14,17:33
0125,18/02/2025,08:08,17:30
0145,18/02/2025,08:13,18:27
0152,18/02/2025,08:10,17:33
0154,18/02/2025,08:29,18:27
0201,18/02/2025,08:04,17:33
0218,18/02/2025,09:26,17:45
0220,18/02/2025,08:19,20:39
0253,18/02/2025,12:16,17:41
0262,18/02/2025,08:17,17:39
0279,18/02/2025,09:06,18:48
0281,18/02/2025,08:10,17:46
0284,18/02/2025,08:26,17:33
0286,18/02/2025,08:39,20:51
0291,18/02/2025,08:17,18:48
0005,19/02/2025,08:35,17:32
0010,19/02/2025,08:26,17:34
0013,19/02/2025,07:10,17:36
0014,19/02/2025,08:20,17:35
0019,19/02/2025,07:46,17:31
0021,19/02/2025,08:07,17:37
0022,19/02/2025,15:13,19:03
0024,19/02/2025,08:12,17:31
0052,19/02/2025,08:06,17:37
0060,19/02/2025,08:12,17:34
0085,19/02/2025,08:14,17:36
0097,19/02/2025,07:57,17:41
0111,19/02/2025,08:19,17:36
0125,19/02/2025,07:37,17:34
0145,19/02/2025,07:47,18:01
0152,19/02/2025,12:42,17:44
0154,19/02/2025,08:20,18:01
0201,19/02/2025,08:08,17:35
0218,19/02/2025,08:27,17:38
0220,19/02/2025,08:21,19:52
0262,19/02/2025,08:15,17:44
0279,19/02/2025,08:02,18:01
0281,19/02/2025,08:12,17:47
0284,19/02/2025,08:28,17:34
0286,19/02/2025,08:28,20:08
0291,19/02/2025,08:17,19:52
0005,20/02/2025,08:20,17:31
0010,20/02/2025,08:13,17:30
0013,20/02/2025,07:12,17:32
0014,20/02/2025,08:30,17:30
0019,20/02/2025,07:46,17:31
0021,20/02/2025,08:05,17:41
0022,20/02/2025,08:20,19:06
0024,20/02/2025,08:14,17:31
0052,20/02/2025,08:02,11:03
0060,20/02/2025,08:26,17:32
0097,20/02/2025,08:07,17:32
0111,20/02/2025,08:14,18:02
0125,20/02/2025,07:42,17:30
0145,20/02/2025,08:01,18:13
0152,20/02/2025,08:12,17:34
0154,20/02/2025,08:22,09:55
0201,20/02/2025,08:20,17:43
0218,20/02/2025,08:29,17:38
0220,20/02/2025,08:18,20:50
0279,20/02/2025,08:20,18:13
0281,20/02/2025,08:12,17:50
0284,20/02/2025,08:30,17:42
0286,20/02/2025,09:27,18:48
0291,20/02/2025,08:12,19:12
0005,21/02/2025,08:26,17:31
0010,21/02/2025,08:23,17:36
0013,21/02/2025,07:08,17:32
0014,21/02/2025,08:29,17:31
0021,21/02/2025,08:05,17:32
0022,21/02/2025,08:14,17:34
0024,21/02/2025,08:07,17:31
0052,21/02/2025,08:06,17:32
0060,21/02/2025,08:30,17:32
0085,21/02/2025,08:29,17:43
0097,21/02/2025,08:07,17:46
0111,21/02/2025,08:30,17:32
0125,21/02/2025,07:44,17:42
0145,21/02/2025,08:09,09:50
0154,21/02/2025,08:20,12:41
0201,21/02/2025,08:04,17:35
0220,21/02/2025,08:16,19:43
0253,21/02/2025,08:29,17:35
0279,21/02/2025,08:23,18:03
0281,21/02/2025,08:12,17:35
0284,21/02/2025,08:24,17:34
0291,21/02/2025,08:12,18:04
0005,24/02/2025,08:28,17:33
0010,24/02/2025,08:21,17:32
0014,24/02/2025,08:08,17:31
0019,24/02/2025,07:50,17:31
0022,24/02/2025,07:58,18:38
0024,24/02/2025,07:59,17:31
0052,24/02/2025,08:10,17:32
0060,24/02/2025,07:54,17:31
0085,24/02/2025,08:19,17:32
0097,24/02/2025,07:59,17:38
0125,24/02/2025,07:53,17:32
0145,24/02/2025,08:07,17:59
0152,24/02/2025,08:21,17:31
0154,24/02/2025,08:27,17:59
0201,24/02/2025,08:18,17:34
0218,24/02/2025,08:23,17:39
0220,24/02/2025,08:21,20:34
0253,24/02/2025,08:29,17:32
0279,24/02/2025,08:20,18:21
0281,24/02/2025,08:13,18:28
0284,24/02/2025,08:29,16:02
0286,24/02/2025,08:09,17:58
0291,24/02/2025,08:22,18:40
0005,25/02/2025,08:29,17:30
0010,25/02/2025,08:26,17:55
0013,25/02/2025,07:07,17:33
0014,25/02/2025,09:19,17:42
0019,25/02/2025,07:33,17:30
0021,25/02/2025,08:01,17:35
0022,25/02/2025,08:25,19:24
0024,25/02/2025,08:11,17:32
0052,25/02/2025,08:07,17:33
0060,25/02/2025,08:03,17:33
0085,25/02/2025,08:26,17:57
0097,25/02/2025,07:58,17:32
0111,25/02/2025,08:01,17:35
0125,25/02/2025,07:56,17:54
0145,25/02/2025,08:08,17:46
0152,25/02/2025,08:05,18:06
0154,25/02/2025,08:21,18:26
0201,25/02/2025,08:02,17:35
0218,25/02/2025,08:22,17:34
0220,25/02/2025,08:26,21:41
0253,25/02/2025,08:27,17:34
0262,25/02/2025,08:07,18:30
0279,25/02/2025,08:22,17:47
0281,25/02/2025,08:13,18:06
0284,25/02/2025,08:30,17:34
0286,25/02/2025,08:25,18:33
0291,25/02/2025,08:20,19:48
0005,26/02/2025,08:25,17:30
0010,26/02/2025,08:21,17:32
0013,26/02/2025,07:08,17:37
0014,26/02/2025,08:25,17:30
0019,26/02/2025,07:46,16:06
0021,26/02/2025,08:05,17:37
0022,26/02/2025,08:37,17:00
0052,26/02/2025,08:05,17:37
0060,26/02/2025,08:26,17:37
0097,26/02/2025,08:02,17:37
0111,26/02/2025,08:05,17:37
0125,26/02/2025,07:44,17:31
0152,26/02/2025,08:19,17:32
0154,26/02/2025,08:24,18:00
0201,26/02/2025,08:22,17:35
0218,26/02/2025,08:26,17:34
0220,26/02/2025,08:26,20:47
0253,26/02/2025,08:29,17:38
0279,26/02/2025,08:34,17:48
0286,26/02/2025,08:14,13:23
0291,26/02/2025,08:30,20:47
0005,27/02/2025,08:20,17:30
0010,27/02/2025,08:13,17:36
0013,27/02/2025,07:01,17:31
0014,27/02/2025,08:28,17:32
0019,27/02/2025,07:45,17:31
0021,27/02/2025,08:06,17:37
0022,27/02/2025,08:06,18:57
0024,27/02/2025,08:10,17:31
0052,27/02/2025,07:53,17:31
0060,27/02/2025,08:04,17:31
0097,27/02/2025,08:05,17:35
0111,27/02/2025,08:09,17:37
0125,27/02/2025,07:56,17:38
0145,27/02/2025,07:46,18:03
0152,27/02/2025,08:20,17:33
0154,27/02/2025,08:26,18:03
0201,27/02/2025,08:23,17:32
0218,27/02/2025,08:27,11:09
0220,27/02/2025,08:15,11:26
0253,27/02/2025,08:29,17:52
0279,27/02/2025,08:15,18:18
0284,27/02/2025,08:28,18:25
0291,27/02/2025,08:05,18:28
0005,28/02/2025,08:19,17:31
0010,28/02/2025,08:29,17:35
0013,28/02/2025,07:11,17:40
0014,28/02/2025,08:33,17:35
0021,28/02/2025,08:05,17:35
0022,28/02/2025,08:15,18:37
0052,28/02/2025,07:52,17:30
0060,28/02/2025,08:10,17:37
0085,28/02/2025,08:31,16:02
0097,28/02/2025,07:56,17:35
0111,28/02/2025,08:05,17:35
0125,28/02/2025,07:53,17:34
0145,28/02/2025,07:55,18:15
0152,28/02/2025,08:10,17:33
0154,28/02/2025,08:25,18:15
0201,28/02/2025,08:13,17:34
0218,28/02/2025,08:25,17:53
0220,28/02/2025,08:10,23:21
0253,28/02/2025,08:33,17:41
0262,28/02/2025,08:12,17:40
0279,28/02/2025,08:14,20:31
0284,28/02/2025,08:29,17:33
0291,28/02/2025,08:21,08:21
0005,03/03/2025,08:25,17:30
0010,03/03/2025,08:24,17:32
0013,03/03/2025,07:10,17:31
0014,03/03/2025,08:32,17:31
0019,03/03/2025,07:37,16:01
0021,03/03/2025,08:11,17:39
0022,03/03/2025,08:10,18:41
0024,03/03/2025,08:07,17:31
0052,03/03/2025,08:19,17:31
0060,03/03/2025,08:15,17:39
0085,03/03/2025,08:26,08:26
0097,03/03/2025,08:06,17:33
0111,03/03/2025,08:17,17:39
0125,03/03/2025,07:48,17:32
0145,03/03/2025,08:07,17:57
0152,03/03/2025,08:09,17:31
0154,03/03/2025,08:27,17:57
0201,03/03/2025,08:15,17:35
0218,03/03/2025,08:26,13:32
0253,03/03/2025,12:19,12:19
0262,03/03/2025,08:19,17:38
0284,03/03/2025,08:27,17:35
0286,03/03/2025,08:23,18:52
0005,04/03/2025,08:12,17:32
0013,04/03/2025,07:11,17:33
0014,04/03/2025,08:29,17:40
0019,04/03/2025,07:28,15:32
0021,04/03/2025,08:08,17:32
0022,04/03/2025,08:13,18:35
0024,04/03/2025,07:54,17:31
0052,04/03/2025,08:04,17:33
0060,04/03/2025,08:17,12:30
0085,04/03/2025,08:27,17:43
0097,04/03/2025,08:08,17:33
0111,04/03/2025,08:28,17:31
0125,04/03/2025,07:58,17:43
0145,04/03/2025,07:42,18:00
0152,04/03/2025,08:03,17:59
0154,04/03/2025,08:19,18:00
0201,04/03/2025,07:45,17:34
0218,04/03/2025,08:28,17:41
0253,04/03/2025,08:28,08:28
0262,04/03/2025,08:23,17:50
0279,04/03/2025,08:22,18:35
0284,04/03/2025,08:26,17:34
0286,04/03/2025,08:23,18:35
0291,04/03/2025,08:19,18:35
0005,05/03/2025,08:29,17:31
0010,05/03/2025,08:12,17:39
0013,05/03/2025,06:59,17:34
0019,05/03/2025,07:50,16:30
0021,05/03/2025,08:08,17:34
0022,05/03/2025,08:21,20:46
0024,05/03/2025,07:57,17:31
0052,05/03/2025,08:10,17:34
0085,05/03/2025,17:39,17:39
0097,05/03/2025,08:02,17:35
0111,05/03/2025,08:13,17:34
0145,05/03/2025,07:59,18:10
0152,05/03/2025,08:05,17:32
0154,05/03/2025,08:20,17:42
0201,05/03/2025,08:07,17:44
0218,05/03/2025,08:24,17:37
0220,05/03/2025,08:18,20:46
0253,05/03/2025,08:27,17:35
0262,05/03/2025,08:19,18:03
0279,05/03/2025,08:16,19:32
0281,05/03/2025,08:11,17:37
0284,05/03/2025,08:28,17:48
0286,05/03/2025,08:24,19:18
0291,05/03/2025,08:17,19:32
0010,06/03/2025,08:04,17:30
0013,06/03/2025,07:02,17:34
0014,06/03/2025,08:24,17:30
0019,06/03/2025,07:41,16:33
0021,06/03/2025,08:04,17:36
0022,06/03/2025,08:17,21:17
0052,06/03/2025,07:58,17:34
0097,06/03/2025,08:05,17:34
0111,06/03/2025,08:12,17:34
0125,06/03/2025,08:04,17:30
0145,06/03/2025,07:34,17:45
0152,06/03/2025,11:40,17:34
0154,06/03/2025,08:19,17:45
0218,06/03/2025,08:26,17:37
0220,06/03/2025,08:16,21:17
0253,06/03/2025,08:32,17:35
0262,06/03/2025,08:26,17:39
0279,06/03/2025,08:14,17:47
0281,06/03/2025,08:11,18:33
0284,06/03/2025,08:27,17:33
0286,06/03/2025,08:22,20:37
0291,06/03/2025,07:54,19:27
0010,07/03/2025,08:12,17:31
0013,07/03/2025,06:55,17:31
0014,07/03/2025,08:22,17:31
0019,07/03/2025,07:46,17:31
0022,07/03/2025,08:29,20:40
0052,07/03/2025,08:03,17:31
0085,07/03/2025,08:24,17:32
0097,07/03/2025,07:56,17:39
0111,07/03/2025,08:10,16:05
0125,07/03/2025,08:11,17:32
0145,07/03/2025,07:58,18:00
0152,07/03/2025,08:10,11:16
0154,07/03/2025,08:22,18:00
0201,07/03/2025,08:09,17:35
0218,07/03/2025,08:22,17:38
0220,07/03/2025,08:15,23:14
0253,07/03/2025,08:29,12:31
0262,07/03/2025,08:25,18:09
0279,07/03/2025,08:12,18:00
0281,07/03/2025,08:10,17:42
0284,07/03/2025,08:28,17:35
0286,07/03/2025,08:26,18:18
0291,07/03/2025,08:19,17:45
0005,10/03/2025,08:22,17:33
0010,10/03/2025,08:13,17:35
0013,10/03/2025,07:04,17:31
0014,10/03/2025,08:25,17:35
0019,10/03/2025,07:33,17:31
0021,10/03/2025,08:01,17:33
0022,10/03/2025,08:10,18:36
0024,10/03/2025,07:56,17:31
0052,10/03/2025,08:02,17:31
0060,10/03/2025,08:19,17:32
0085,10/03/2025,08:32,17:34
0097,10/03/2025,08:07,17:38
0125,10/03/2025,08:05,17:36
0145,10/03/2025,08:05,17:49
0201,10/03/2025,08:11,17:34
0218,10/03/2025,08:27,17:34
0220,10/03/2025,08:23,16:45
0262,10/03/2025,09:47,17:44
0279,10/03/2025,08:19,17:50
0281,10/03/2025,08:11,17:36
0284,10/03/2025,08:26,17:34
0286,10/03/2025,08:16,18:44
0291,10/03/2025,08:23,17:49
0010,11/03/2025,08:05,17:31
0013,11/03/2025,07:03,17:32
0014,11/03/2025,08:28,17:30
0021,11/03/2025,08:03,17:40
0024,11/03/2025,08:00,17:31
0085,11/03/2025,08:19,17:32
0097,11/03/2025,08:03,17:41
0125,11/03/2025,08:02,17:30
0145,11/03/2025,07:49,17:48
0152,11/03/2025,08:20,17:34
0154,11/03/2025,08:17,17:48
0201,11/03/2025,08:05,17:33
0218,11/03/2025,08:26,17:40
0220,11/03/2025,08:14,20:41
0253,11/03/2025,08:31,17:44
0262,11/03/2025,08:25,17:40
0279,11/03/2025,08:20,18:45
0281,11/03/2025,08:09,17:35
0284,11/03/2025,08:30,16:50
0286,11/03/2025,08:24,20:15
0291,11/03/2025,08:20,19:43
0010,12/03/2025,08:18,17:46
0013,12/03/2025,07:08,17:31
0014,12/03/2025,08:20,15:46
0021,12/03/2025,08:11,17:33
0022,12/03/2025,08:07,18:25
0024,12/03/2025,08:11,17:31
0085,12/03/2025,08:26,17:47
0097,12/03/2025,07:59,17:49
0125,12/03/2025,08:18,17:47
0152,12/03/2025,08:12,13:09
0154,12/03/2025,08:20,08:20
0201,12/03/2025,07:58,17:35
0218,12/03/2025,08:27,17:37
0220,12/03/2025,08:25,20:28
0253,12/03/2025,08:29,17:34
0262,12/03/2025,08:29,09:24
0279,12/03/2025,08:20,17:49
0281,12/03/2025,08:11,17:39
0284,12/03/2025,08:28,16:19
0286,12/03/2025,08:27,11:25
0291,12/03/2025,08:24,08:24
0005,13/03/2025,08:25,10:55
0013,13/03/2025,07:10,17:32
0014,13/03/2025,11:32,17:47
0021,13/03/2025,08:05,17:32
0022,13/03/2025,08:11,18:11
0024,13/03/2025,08:11,17:32
0052,13/03/2025,08:30,17:32
0060,13/03/2025,08:20,17:32
0097,13/03/2025,08:07,17:34
0125,13/03/2025,07:59,13:36
0145,13/03/2025,07:49,17:35
0152,13/03/2025,08:17,09:30
0154,13/03/2025,08:30,08:30
0201,13/03/2025,08:17,17:34
0218,13/03/2025,08:27,17:37
0220,13/03/2025,08:18,19:36
0262,13/03/2025,08:28,10:30
0279,13/03/2025,08:14,18:30
0281,13/03/2025,08:10,16:31
0284,13/03/2025,08:28,17:33
0286,13/03/2025,08:28,13:41
0291,13/03/2025,08:31,09:32
0005,14/03/2025,08:27,17:32
0010,14/03/2025,08:11,17:36
0013,14/03/2025,07:03,17:34
0014,14/03/2025,08:34,17:35
0021,14/03/2025,07:59,17:34
0022,14/03/2025,08:14,18:42
0024,14/03/2025,08:10,15:30
0060,14/03/2025,08:13,17:34
0085,14/03/2025,08:20,17:36
0097,14/03/2025,07:59,17:48
0125,14/03/2025,07:36,17:36
0152,14/03/2025,08:06,13:21
0154,14/03/2025,08:20,17:50
0201,14/03/2025,08:07,17:36
0220,14/03/2025,08:13,10:38
0253,14/03/2025,08:27,18:09
0262,14/03/2025,08:24,08:38
0279,14/03/2025,08:19,18:52
0284,14/03/2025,08:10,13:42
0286,14/03/2025,08:20,19:09
0291,14/03/2025,18:51,18:51
0010,17/03/2025,08:32,18:13
0013,17/03/2025,07:10,17:31
0014,17/03/2025,08:24,18:14
0019,17/03/2025,07:59,17:30
0021,17/03/2025,08:01,17:37
0022,17/03/2025,08:22,18:49
0052,17/03/2025,08:10,17:31
0060,17/03/2025,08:27,17:32
0097,17/03/2025,08:15,17:47
0111,17/03/2025,08:11,17:37
0125,17/03/2025,08:07,17:32
0145,17/03/2025,07:43,18:18
0152,17/03/2025,08:14,17:32
0154,17/03/2025,08:20,12:45
0201,17/03/2025,08:27,17:43
0218,17/03/2025,08:22,17:46
0220,17/03/2025,08:35,19:29
0262,17/03/2025,09:51,16:09
0279,17/03/2025,08:19,19:28
0281,17/03/2025,08:07,17:39
0284,17/03/2025,12:04,17:42
0286,17/03/2025,08:27,19:36
0291,17/03/2025,08:18,17:42
0005,18/03/2025,08:26,17:37
0010,18/03/2025,08:10,17:33
0013,18/03/2025,07:08,17:32
0014,18/03/2025,08:21,17:34
0019,18/03/2025,07:44,17:31
0021,18/03/2025,08:03,17:36
0022,18/03/2025,08:21,17:45
0024,18/03/2025,08:11,17:31
0052,18/03/2025,08:13,17:31
0060,18/03/2025,08:11,17:32
0085,18/03/2025,08:09,17:33
0097,18/03/2025,08:03,17:36
0111,18/03/2025,08:13,17:36
0125,18/03/2025,07:55,17:32
0145,18/03/2025,07:54,18:35
0152,18/03/2025,08:03,10:08
0154,18/03/2025,08:27,11:02
0201,18/03/2025,07:42,17:37
0218,18/03/2025,08:28,17:43
0220,18/03/2025,08:29,18:51
0253,18/03/2025,08:27,17:36
0279,18/03/2025,08:19,18:35
0281,18/03/2025,08:12,17:31
0284,18/03/2025,08:27,14:00
0286,18/03/2025,08:25,19:16
0291,18/03/2025,08:22,18:34
0005,19/03/2025,08:23,17:33
0013,19/03/2025,07:06,17:38
0019,19/03/2025,07:28,17:31
0021,19/03/2025,10:00,17:40
0022,19/03/2025,08:01,20:48
0024,19/03/2025,08:12,17:31
0052,19/03/2025,08:10,17:32
0060,19/03/2025,08:22,17:38
0085,19/03/2025,08:16,18:33
0097,19/03/2025,08:03,17:54
0111,19/03/2025,08:16,17:40
0125,19/03/2025,08:21,08:21
0145,19/03/2025,07:58,17:47
0154,19/03/2025,08:26,17:47
0201,19/03/2025,08:14,17:38
0218,19/03/2025,08:24,17:36
0220,19/03/2025,08:28,19:09
0253,19/03/2025,08:31,17:32
0262,19/03/2025,08:28,16:33
0279,19/03/2025,08:30,18:06
0281,19/03/2025,08:09,17:38
0286,19/03/2025,08:14,19:27
0291,19/03/2025,08:27,19:52
0005,20/03/2025,08:25,17:31
0013,20/03/2025,06:50,17:32
0014,20/03/2025,08:28,17:33
0019,20/03/2025,07:56,17:30
0021,20/03/2025,08:13,17:31
0024,20/03/2025,07:56,17:30
0052,20/03/2025,08:23,17:32
0085,20/03/2025,08:23,17:35
0097,20/03/2025,07:55,17:31
0111,20/03/2025,08:22,17:33
0125,20/03/2025,07:49,17:35
0145,20/03/2025,07:52,17:39
0154,20/03/2025,08:27,17:39
0201,20/03/2025,08:01,17:37
0218,20/03/2025,08:22,17:37
0253,20/03/2025,08:36,17:39
0279,20/03/2025,08:20,17:39
0281,20/03/2025,08:06,17:39
0284,20/03/2025,08:27,14:53
0286,20/03/2025,08:24,18:45
0291,20/03/2025,08:23,18:19
0005,21/03/2025,08:11,17:32
0013,21/03/2025,07:13,17:33
0014,21/03/2025,11:26,17:32
0019,21/03/2025,07:19,17:31
0021,21/03/2025,08:06,17:32
0024,21/03/2025,08:14,17:30
0060,21/03/2025,08:21,17:33
0085,21/03/2025,08:18,17:33
0097,21/03/2025,08:02,17:33
0111,21/03/2025,08:07,17:31
0125,21/03/2025,07:56,17:32
0145,21/03/2025,07:55,18:24
0152,21/03/2025,08:18,17:37
0154,21/03/2025,08:19,12:37
0201,21/03/2025,08:16,17:32
0220,21/03/2025,08:19,18:24
0253,21/03/2025,08:29,17:32
0279,21/03/2025,08:12,18:24
0281,21/03/2025,08:11,18:12
0284,21/03/2025,08:27,17:34
0286,21/03/2025,08:20,19:09
0291,21/03/2025,08:26,18:24
0005,24/03/2025,08:25,17:36
0010,24/03/2025,08:06,17:31
0013,24/03/2025,07:05,17:31
0014,24/03/2025,08:16,17:31
0019,24/03/2025,07:52,17:30
0024,24/03/2025,08:01,17:30
0052,24/03/2025,08:19,17:30
0060,24/03/2025,07:58,17:30
0085,24/03/2025,08:33,08:33
0097,24/03/2025,08:09,17:58
0111,24/03/2025,08:18,17:33
0125,24/03/2025,08:34,08:34
0145,24/03/2025,08:01,17:44
0152,24/03/2025,08:12,17:31
0154,24/03/2025,08:17,17:44
0201,24/03/2025,07:57,17:32
0218,24/03/2025,08:25,17:54
0220,24/03/2025,08:32,21:10
0253,24/03/2025,08:30,17:37
0279,24/03/2025,08:00,18:32
0284,24/03/2025,08:13,17:41
0286,24/03/2025,08:13,19:38
0291,24/03/2025,08:26,19:15
0005,25/03/2025,08:27,17:31
0010,25/03/2025,08:11,17:38
0013,25/03/2025,07:08,17:32
0014,25/03/2025,08:22,17:36
0019,25/03/2025,07:37,17:30
0021,25/03/2025,08:13,17:32
0022,25/03/2025,08:06,19:11
0024,25/03/2025,08:01,17:30
0052,25/03/2025,08:25,17:32
0060,25/03/2025,08:10,17:32
0085,25/03/2025,08:14,17:39
0097,25/03/2025,08:00,18:58
0111,25/03/2025,08:15,17:34
0125,25/03/2025,08:29,17:38
0145,25/03/2025,07:41,17:40
0152,25/03/2025,12:15,17:32
0154,25/03/2025,08:25,17:40
0201,25/03/2025,07:56,17:33
0218,25/03/2025,08:24,18:32
0220,25/03/2025,08:19,11:36
0253,25/03/2025,08:27,17:32
0279,25/03/2025,08:09,18:03
0286,25/03/2025,12:40,18:04
0291,25/03/2025,08:22,18:03
0005,26/03/2025,08:25,17:30
0010,26/03/2025,08:08,17:36
0013,26/03/2025,07:02,17:33
0014,26/03/2025,08:26,17:30
0019,26/03/2025,08:07,17:31
0021,26/03/2025,08:05,17:33
0022,26/03/2025,08:02,17:54
0024,26/03/2025,08:11,17:31
0060,26/03/2025,08:10,17:33
0085,26/03/2025,08:15,17:36
0097,26/03/2025,07:54,17:36
0111,26/03/2025,08:20,17:35
0125,26/03/2025,08:24,17:36
0152,26/03/2025,08:18,17:30
0154,26/03/2025,08:20,15:00
0201,26/03/2025,08:06,17:41
0218,26/03/2025,08:28,17:36
0220,26/03/2025,08:13,20:45
0253,26/03/2025,08:19,17:32
0262,26/03/2025,08:25,16:10
0279,26/03/2025,08:12,17:52
0281,26/03/2025,08:08,15:37
0284,26/03/2025,08:27,17:41
0291,26/03/2025,08:30,13:53
0005,27/03/2025,08:16,17:30
0010,27/03/2025,08:00,17:30
0013,27/03/2025,07:03,17:33
0014,27/03/2025,08:01,17:30
0021,27/03/2025,08:04,17:32
0022,27/03/2025,08:13,19:20
0024,27/03/2025,08:05,17:31
0052,27/03/2025,07:48,17:32
0060,27/03/2025,08:25,17:33
0097,27/03/2025,08:07,19:28
0111,27/03/2025,08:18,17:32
0125,27/03/2025,08:16,17:30
0145,27/03/2025,07:44,17:42
0152,27/03/2025,08:15,17:31
0154,27/03/2025,08:20,17:42
0201,27/03/2025,08:08,17:32
0218,27/03/2025,08:25,17:40
0220,27/03/2025,08:20,21:39
0253,27/03/2025,08:28,17:33
0262,27/03/2025,08:28,14:26
0279,27/03/2025,08:19,17:56
0281,27/03/2025,08:06,17:34
0284,27/03/2025,08:29,17:32
0286,27/03/2025,08:28,20:18
0291,27/03/2025,08:23,19:20
0005,28/03/2025,08:31,08:45
0013,28/03/2025,07:05,11:33
0014,28/03/2025,08:26,08:26
0019,28/03/2025,07:21,11:51
0021,28/03/2025,08:07,13:08
0022,28/03/2025,08:09,11:00
0024,28/03/2025,08:04,13:22
0052,28/03/2025,07:46,07:46
0060,28/03/2025,08:19,12:31
0097,28/03/2025,07:57,15:18
0111,28/03/2025,08:30,11:13
0125,28/03/2025,08:26,08:26
0145,28/03/2025,08:04,08:04
0152,28/03/2025,08:21,10:56
0154,28/03/2025,08:19,09:21
0218,28/03/2025,08:24,10:46
0220,28/03/2025,08:22,13:24
0253,28/03/2025,08:28,13:13
0262,28/03/2025,08:28,08:28
0279,28/03/2025,08:21,15:14
0281,28/03/2025,08:06,10:47
0284,28/03/2025,08:28,15:14
0286,28/03/2025,08:13,15:19
0286,29/03/2025,12:37,12:47
0005,31/03/2025,08:29,17:31
0013,31/03/2025,07:00,17:31
0019,31/03/2025,08:04,15:55
0021,31/03/2025,08:07,17:31
0022,31/03/2025,08:07,18:08
0024,31/03/2025,08:08,17:30
0052,31/03/2025,08:06,11:07
0060,31/03/2025,08:19,17:31
0097,31/03/2025,08:01,17:33
0111,31/03/2025,08:10,17:31
0145,31/03/2025,08:04,17:41
0154,31/03/2025,08:30,17:41
0201,31/03/2025,07:57,17:33
0218,31/03/2025,08:26,17:34
0262,31/03/2025,12:53,16:25
0279,31/03/2025,07:59,18:30
0281,31/03/2025,09:09,17:40
0284,31/03/2025,08:26,17:34
0286,31/03/2025,08:14,18:52
0291,31/03/2025,08:05,18:31
0005,01/04/2025,08:20,17:31
0010,01/04/2025,17:31,17:31
0013,01/04/2025,07:01,17:33
0014,01/04/2025,08:28,17:32
0019,01/04/2025,07:41,17:31
0021,01/04/2025,08:08,17:33
0022,01/04/2025,07:58,18:53
0024,01/04/2025,08:02,17:32
0052,01/04/2025,07:42,17:33
0060,01/04/2025,08:24,17:33
0085,01/04/2025,08:09,13:00
0097,01/04/2025,07:55,17:33
0111,01/04/2025,08:08,17:31
0125,01/04/2025,08:24,17:32
0145,01/04/2025,07:57,17:45
0152,01/04/2025,08:04,17:32
0154,01/04/2025,08:19,17:45
0201,01/04/2025,08:02,17:33
0218,01/04/2025,08:27,17:39
0220,01/04/2025,08:05,23:26
0253,01/04/2025,08:29,17:33
0262,01/04/2025,08:18,16:20
0279,01/04/2025,08:16,17:55
0281,01/04/2025,08:10,17:41
0284,01/04/2025,08:28,17:34
0286,01/04/2025,08:21,22:18
0291,01/04/2025,08:15,18:21
0010,02/04/2025,08:16,17:37
0013,02/04/2025,07:05,17:33
0014,02/04/2025,08:26,17:34
0019,02/04/2025,07:41,17:30
0021,02/04/2025,07:56,17:38
0022,02/04/2025,08:03,20:24
0024,02/04/2025,08:01,17:31
0052,02/04/2025,08:09,17:33
0085,02/04/2025,08:20,17:37
0097,02/04/2025,07:52,23:11
0111,02/04/2025,07:56,17:38
0125,02/04/2025,08:25,17:36
0152,02/04/2025,08:22,17:49
0154,02/04/2025,08:07,08:07
0201,02/04/2025,08:13,17:34
0218,02/04/2025,08:29,18:09
0253,02/04/2025,08:27,17:37
0262,02/04/2025,08:23,16:17
0279,02/04/2025,08:14,18:56
0281,02/04/2025,08:05,17:37
0284,02/04/2025,08:30,17:33
0286,02/04/2025,09:51,23:11
0291,02/04/2025,08:07,21:31
0005,03/04/2025,08:23,17:37
0010,03/04/2025,08:18,17:31
0013,03/04/2025,07:03,17:33
0014,03/04/2025,11:44,17:32
0019,03/04/2025,08:05,17:31
0021,03/04/2025,08:04,12:58
0022,03/04/2025,08:23,18:45
0052,03/04/2025,08:03,17:33
0060,03/04/2025,08:10,17:32
0085,03/04/2025,08:24,17:32
0097,03/04/2025,07:55,17:38
0111,03/04/2025,08:09,17:38
0125,03/04/2025,08:18,17:31
0145,03/04/2025,07:45,17:49
0152,03/04/2025,07:51,13:36
0154,03/04/2025,08:29,17:49
0201,03/04/2025,08:09,17:33
0218,03/04/2025,08:28,17:41
0220,03/04/2025,08:16,22:11
0253,03/04/2025,08:28,13:06
0262,03/04/2025,08:25,11:25
0279,03/04/2025,08:15,19:49
0281,03/04/2025,08:13,17:38
0284,03/04/2025,08:29,17:33
0286,03/04/2025,08:30,20:14
0291,03/04/2025,08:12,19:49
0005,04/04/2025,08:26,17:33
0010,04/04/2025,08:19,17:31
0013,04/04/2025,07:06,17:33
0014,04/04/2025,08:31,17:31
0019,04/04/2025,07:47,17:30
0024,04/04/2025,08:13,17:30
0052,04/04/2025,08:10,17:30
0060,04/04/2025,08:27,17:32
0085,04/04/2025,08:22,17:34
0097,04/04/2025,07:57,17:35
0111,04/04/2025,08:17,14:34
0125,04/04/2025,08:23,17:31
0145,04/04/2025,07:36,17:37
0152,04/04/2025,12:59,12:59
0154,04/04/2025,08:23,17:37
0201,04/04/2025,08:10,17:32
0220,04/04/2025,08:10,19:11
0253,04/04/2025,08:30,17:33
0262,04/04/2025,08:20,11:15
0284,04/04/2025,08:27,15:50
0286,04/04/2025,08:28,20:13
0291,04/04/2025,08:12,19:11
0005,08/04/2025,08:23,17:31
0010,08/04/2025,08:26,17:31
0013,08/04/2025,07:10,17:32
0014,08/04/2025,08:24,17:31
0019,08/04/2025,07:27,17:31
0021,08/04/2025,08:01,17:34
0022,08/04/2025,08:15,17:47
0052,08/04/2025,07:57,17:33
0060,08/04/2025,08:14,17:32
0097,08/04/2025,08:07,17:33
0111,08/04/2025,08:16,17:33
0145,08/04/2025,07:50,17:49
0152,08/04/2025,08:11,13:25
0154,08/04/2025,08:20,11:34
0201,08/04/2025,08:02,17:35
0218,08/04/2025,08:28,17:34
0220,08/04/2025,08:15,19:22
0253,08/04/2025,08:30,17:34
0279,08/04/2025,08:18,17:49
0284,08/04/2025,08:28,17:35
0305,08/04/2025,08:30,17:35
0306,08/04/2025,09:00,19:22
0005,09/04/2025,08:27,17:32
0013,09/04/2025,07:18,17:33
0014,09/04/2025,08:22,17:30
0019,09/04/2025,07:42,17:32
0021,09/04/2025,08:02,17:35
0022,09/04/2025,08:09,17:58
0024,09/04/2025,08:02,17:32
0052,09/04/2025,08:00,17:34
0060,09/04/2025,07:55,17:37
0097,09/04/2025,08:04,17:43
0111,09/04/2025,08:13,17:34
0145,09/04/2025,07:41,17:37
0152,09/04/2025,08:13,09:41
0154,09/04/2025,08:26,17:37
0201,09/04/2025,07:56,17:34
0218,09/04/2025,08:28,17:52
0220,09/04/2025,08:15,19:01
0253,09/04/2025,08:25,17:42
0262,09/04/2025,08:27,16:27
0279,09/04/2025,08:14,19:02
0281,09/04/2025,08:07,17:57
0284,09/04/2025,08:27,17:33
0286,09/04/2025,08:19,17:54
0291,09/04/2025,08:15,19:02
0305,09/04/2025,08:08,17:33
0306,09/04/2025,07:18,18:26
0005,10/04/2025,08:29,17:31
0010,10/04/2025,08:20,17:32
0013,10/04/2025,07:19,17:31
0014,10/04/2025,11:34,17:30
0019,10/04/2025,07:59,17:31
0021,10/04/2025,07:59,17:32
0022,10/04/2025,08:10,17:44
0024,10/04/2025,08:01,17:31
0052,10/04/2025,07:59,17:31
0085,10/04/2025,08:24,12:42
0111,10/04/2025,08:24,17:32
0125,10/04/2025,08:21,17:31
0145,10/04/2025,07:59,17:56
0152,10/04/2025,08:05,17:32
0201,10/04/2025,08:03,17:33
0220,10/04/2025,08:18,20:12
0253,10/04/2025,08:27,17:32
0262,10/04/2025,09:27,16:12
0279,10/04/2025,08:13,17:56
0281,10/04/2025,08:09,17:37
0286,10/04/2025,08:24,16:27
0291,10/04/2025,08:08,17:42
0305,10/04/2025,08:09,17:33
0306,10/04/2025,07:54,20:12
0005,11/04/2025,08:27,17:34
0010,11/04/2025,08:19,18:02
0013,11/04/2025,07:04,13:39
0014,11/04/2025,08:25,17:42
0019,11/04/2025,08:18,17:30
0021,11/04/2025,08:05,17:33
0022,11/04/2025,08:05,17:45
0024,11/04/2025,08:04,15:31
0052,11/04/2025,07:55,17:30
0085,11/04/2025,08:21,18:04
0097,11/04/2025,07:59,17:33
0111,11/04/2025,08:23,17:33
0125,11/04/2025,08:25,18:04
0145,11/04/2025,07:33,17:45
0152,11/04/2025,08:13,09:39
0201,11/04/2025,08:26,17:34
0218,11/04/2025,08:02,17:37
0220,11/04/2025,08:12,18:54
0253,11/04/2025,08:24,17:33
0262,11/04/2025,08:19,17:33
0279,11/04/2025,08:17,17:45
0281,11/04/2025,08:06,17:34
0305,11/04/2025,08:10,17:34
0306,11/04/2025,07:58,18:55
0010,17/04/2025,08:21,17:38
0022,17/04/2025,08:10,18:14
0060,17/04/2025,08:22,17:32
0085,17/04/2025,08:07,17:39
0097,17/04/2025,07:51,17:36
0125,17/04/2025,08:12,17:38
0152,17/04/2025,08:11,17:37
0154,17/04/2025,08:21,17:54
0201,17/04/2025,08:10,17:39
0220,17/04/2025,08:12,19:23
0262,17/04/2025,08:20,17:42
0284,17/04/2025,08:28,16:37
0291,17/04/2025,08:20,18:18
0305,17/04/2025,08:17,17:38
0306,17/04/2025,07:46,19:23
0010,18/04/2025,08:21,17:34
0014,18/04/2025,08:20,17:31
0022,18/04/2025,08:01,17:59
0060,18/04/2025,08:12,17:34
0085,18/04/2025,08:20,17:35
0097,18/04/2025,07:57,17:34
0125,18/04/2025,08:24,17:34
0152,18/04/2025,08:06,17:33
0154,18/04/2025,08:24,19:27
0201,18/04/2025,08:10,15:34
0220,18/04/2025,08:01,19:27
0262,18/04/2025,08:26,17:40
0281,18/04/2025,08:07,16:40
0284,18/04/2025,08:27,16:08
0291,18/04/2025,08:05,13:27
0305,18/04/2025,08:01,17:38
0306,18/04/2025,08:00,18:46
0010,21/04/2025,08:14,17:31
0013,21/04/2025,07:01,17:35
0014,21/04/2025,08:29,17:30
0019,21/04/2025,07:23,17:31
0021,21/04/2025,07:56,17:33
0022,21/04/2025,08:02,15:33
0024,21/04/2025,08:03,17:31
0052,21/04/2025,07:56,17:31
0060,21/04/2025,08:14,17:35
0085,21/04/2025,08:21,17:32
0097,21/04/2025,08:09,17:33
0111,21/04/2025,07:56,17:32
0125,21/04/2025,08:28,13:09
0145,21/04/2025,08:05,17:45
0154,21/04/2025,08:21,17:45
0201,21/04/2025,08:09,17:35
0220,21/04/2025,08:19,19:37
0253,21/04/2025,08:22,17:34
0262,21/04/2025,08:24,17:45
0279,21/04/2025,08:16,17:45
0284,21/04/2025,08:22,14:54
0286,21/04/2025,08:05,19:26
0291,21/04/2025,08:12,18:30
0305,21/04/2025,08:13,17:23
0306,21/04/2025,08:02,19:40
0005,22/04/2025,08:25,17:39
0010,22/04/2025,08:09,17:33
0013,22/04/2025,07:07,17:34
0014,22/04/2025,08:23,17:30
0019,22/04/2025,07:25,12:44
0021,22/04/2025,08:04,17:35
0022,22/04/2025,08:15,18:36
0024,22/04/2025,08:04,17:33
0052,22/04/2025,07:53,17:34
0060,22/04/2025,08:11,17:34
0085,22/04/2025,08:24,17:34
0111,22/04/2025,08:16,17:35
0125,22/04/2025,08:27,17:33
0145,22/04/2025,07:56,17:45
0152,22/04/2025,08:18,09:44
0154,22/04/2025,08:30,08:31
0201,22/04/2025,08:22,15:35
0218,22/04/2025,08:28,17:41
0220,22/04/2025,08:20,20:06
0253,22/04/2025,08:30,17:33
0262,22/04/2025,08:26,17:10
0279,22/04/2025,08:32,17:45
0281,22/04/2025,08:09,17:45
0284,22/04/2025,08:28,17:36
0286,22/04/2025,08:23,18:25
0291,22/04/2025,08:30,17:45
0305,22/04/2025,08:08,17:36
0306,22/04/2025,08:13,20:10
0005,23/04/2025,08:29,17:38
0010,23/04/2025,08:08,17:43
0013,23/04/2025,06:56,17:32
0019,23/04/2025,07:21,17:31
0021,23/04/2025,08:02,17:33
0024,23/04/2025,07:52,17:31
0052,23/04/2025,11:49,17:33
0060,23/04/2025,08:11,17:32
0085,23/04/2025,08:18,17:57
0097,23/04/2025,08:06,17:36
0111,23/04/2025,08:13,17:33
0125,23/04/2025,08:25,17:52
0145,23/04/2025,07:41,18:10
0152,23/04/2025,08:06,17:36
0154,23/04/2025,08:15,18:10
0201,23/04/2025,07:55,17:33
0218,23/04/2025,08:27,17:34
0220,23/04/2025,08:24,20:22
0253,23/04/2025,08:30,17:37
0279,23/04/2025,08:18,18:44
0281,23/04/2025,08:08,17:39
0284,23/04/2025,08:28,17:32
0286,23/04/2025,08:23,20:32
0291,23/04/2025,07:41,20:25
0305,23/04/2025,08:13,17:34
0306,23/04/2025,08:15,19:02
0005,24/04/2025,08:27,17:30
0010,24/04/2025,08:18,17:31
0013,24/04/2025,07:15,17:32
0014,24/04/2025,08:28,17:31
0019,24/04/2025,07:32,17:31
0021,24/04/2025,08:03,17:37
0022,24/04/2025,08:09,17:37
0024,24/04/2025,07:58,17:31
0052,24/04/2025,07:54,17:32
0060,24/04/2025,08:13,17:32
0085,24/04/2025,08:24,17:32
0097,24/04/2025,08:01,17:33
0111,24/04/2025,08:21,17:34
0125,24/04/2025,08:24,17:33
0145,24/04/2025,07:44,18:00
0152,24/04/2025,08:01,17:33
0154,24/04/2025,08:20,18:00
0201,24/04/2025,08:11,17:33
0218,24/04/2025,08:28,17:34
0220,24/04/2025,08:24,19:33
0253,24/04/2025,08:29,17:33
0279,24/04/2025,08:18,18:19
0281,24/04/2025,08:12,17:42
0284,24/04/2025,08:28,16:30
0291,24/04/2025,08:21,18:21
0305,24/04/2025,08:18,17:33
0306,24/04/2025,08:15,18:24
0005,25/04/2025,08:23,17:32
0010,25/04/2025,08:11,17:53
0013,25/04/2025,06:57,17:32
0014,25/04/2025,17:52,17:52
0019,25/04/2025,08:18,17:31
0021,25/04/2025,08:00,17:31
0022,25/04/2025,08:12,18:56
0024,25/04/2025,08:02,17:31
0052,25/04/2025,08:00,17:32
0060,25/04/2025,08:22,15:29
0085,25/04/2025,08:25,17:53
0097,25/04/2025,07:58,17:32
0111,25/04/2025,08:00,17:31
0125,25/04/2025,08:25,17:55
0145,25/04/2025,07:50,17:49
0152,25/04/2025,08:12,17:31
0154,25/04/2025,08:30,16:45
0201,25/04/2025,08:04,17:36
0218,25/04/2025,08:27,17:34
0220,25/04/2025,08:18,20:08
0253,25/04/2025,08:29,17:34
0262,25/04/2025,08:24,17:33
0279,25/04/2025,08:18,18:12
0281,25/04/2025,08:09,18:05
0284,25/04/2025,08:28,16:16
0291,25/04/2025,08:25,20:09
0305,25/04/2025,08:27,17:36
0306,25/04/2025,08:16,20:09
0005,28/04/2025,08:46,17:31
0013,28/04/2025,07:04,17:32
0014,28/04/2025,08:30,17:33
0021,28/04/2025,08:01,17:38
0022,28/04/2025,08:25,17:38
0052,28/04/2025,07:57,17:32
0097,28/04/2025,08:06,17:38
0111,28/04/2025,08:18,17:36
0125,28/04/2025,08:25,17:35
0145,28/04/2025,07:42,18:00
0154,28/04/2025,14:36,18:00
0201,28/04/2025,07:59,17:34
0218,28/04/2025,08:27,17:38
0220,28/04/2025,08:26,19:58
0253,28/04/2025,08:28,17:36
0279,28/04/2025,12:58,18:00
0281,28/04/2025,08:07,17:42
0284,28/04/2025,08:20,17:38
0305,28/04/2025,08:24,17:38
0306,28/04/2025,07:52,19:27
0005,29/04/2025,07:39,17:32
0010,29/04/2025,08:10,17:32
0013,29/04/2025,06:57,17:32
0014,29/04/2025,08:33,17:31
0019,29/04/2025,07:46,17:31
0021,29/04/2025,08:05,17:35
0022,29/04/2025,08:10,21:36
0024,29/04/2025,08:09,17:31
0052,29/04/2025,07:30,17:32
0097,29/04/2025,08:01,18:03
0111,29/04/2025,08:30,17:53
0125,29/04/2025,08:27,17:32
0145,29/04/2025,14:41,17:40
0152,29/04/2025,13:53,17:33
0154,29/04/2025,08:23,17:40
0201,29/04/2025,08:04,17:35
0218,29/04/2025,14:44,17:34
0220,29/04/2025,08:30,19:41
0253,29/04/2025,08:27,18:06
0262,29/04/2025,08:30,18:30
0279,29/04/2025,08:15,20:13
0281,29/04/2025,13:59,17:44
0284,29/04/2025,13:16,18:13
0291,29/04/2025,15:21,20:11
0305,29/04/2025,08:05,17:35
0306,29/04/2025,08:10,20:11
0005,30/04/2025,08:21,17:35
0010,30/04/2025,08:16,17:36
0013,30/04/2025,07:00,17:33
0014,30/04/2025,08:30,17:36
0019,30/04/2025,07:41,17:30
0021,30/04/2025,08:01,17:32
0022,30/04/2025,08:10,18:43
0024,30/04/2025,08:01,17:30
0052,30/04/2025,07:20,17:33
0097,30/04/2025,08:02,17:34
0111,30/04/2025,08:14,16:14
0125,30/04/2025,08:25,17:35
0145,30/04/2025,07:49,17:31
0152,30/04/2025,12:48,17:31
0154,30/04/2025,08:25,17:54
0201,30/04/2025,08:08,17:33
0218,30/04/2025,08:26,17:45
0220,30/04/2025,08:24,21:57
0253,30/04/2025,08:28,17:47
0262,30/04/2025,08:28,18:05
0279,30/04/2025,08:29,19:24
0281,30/04/2025,08:13,17:31
0284,30/04/2025,08:15,16:47
0291,30/04/2025,08:13,19:24
0305,30/04/2025,08:25,17:33
0306,30/04/2025,07:44,21:58
0005,02/05/2025,08:21,15:04
0010,02/05/2025,08:27,17:33
0013,02/05/2025,07:01,17:31
0014,02/05/2025,08:30,17:31
0019,02/05/2025,07:43,17:30
0024,02/05/2025,08:05,15:59
0052,02/05/2025,07:27,17:32
0111,02/05/2025,08:00,17:36
0125,02/05/2025,09:11,17:34
0145,02/05/2025,07:42,18:00
0152,02/05/2025,08:14,17:31
0154,02/05/2025,08:30,17:51
0201,02/05/2025,07:48,17:32
0220,02/05/2025,08:19,21:25
0253,02/05/2025,08:27,17:40
0279,02/05/2025,08:12,19:46
0281,02/05/2025,07:31,17:38
0291,02/05/2025,08:18,19:24
0305,02/05/2025,08:17,17:33
0306,02/05/2025,07:47,21:26
0005,06/05/2025,07:53,17:32
0010,06/05/2025,08:20,17:35
0013,06/05/2025,07:02,17:32
0019,06/05/2025,07:39,17:31
0021,06/05/2025,08:04,17:35
0024,06/05/2025,08:01,17:31
0052,06/05/2025,07:39,17:32
0060,06/05/2025,07:41,17:43
0085,06/05/2025,08:24,17:36
0097,06/05/2025,08:44,17:38
0111,06/05/2025,08:30,17:35
0125,06/05/2025,08:20,17:35
0145,06/05/2025,07:42,16:08
0152,06/05/2025,07:59,17:59
0154,06/05/2025,08:16,18:15
0201,06/05/2025,08:04,17:35
0218,06/05/2025,09:27,17:37
0253,06/05/2025,08:30,17:53
0262,06/05/2025,09:53,17:35
0279,06/05/2025,08:24,19:50
0281,06/05/2025,08:12,17:57
0284,06/05/2025,08:27,17:35
0291,06/05/2025,08:16,19:48
0306,06/05/2025,08:19,19:16
0013,07/05/2025,07:12,17:31
0014,07/05/2025,08:29,17:31
0019,07/05/2025,07:47,17:30
0021,07/05/2025,08:06,17:34
0022,07/05/2025,08:04,20:36
0024,07/05/2025,08:00,14:07
0085,07/05/2025,08:27,17:33
0097,07/05/2025,08:14,17:33
0111,07/05/2025,08:23,17:34
0125,07/05/2025,08:27,17:33
0145,07/05/2025,07:59,17:37
0152,07/05/2025,08:15,17:31
0154,07/05/2025,08:21,17:37
0201,07/05/2025,07:49,17:32
0218,07/05/2025,08:26,17:33
0220,07/05/2025,08:18,21:24
0253,07/05/2025,08:27,17:33
0279,07/05/2025,08:20,19:20
0281,07/05/2025,08:10,17:43
0284,07/05/2025,08:26,12:36
0291,07/05/2025,08:21,19:21
0305,07/05/2025,08:13,17:32
0306,07/05/2025,08:26,20:33
0010,08/05/2025,08:27,17:30
0013,08/05/2025,07:04,17:32
0014,08/05/2025,08:27,17:30
0019,08/05/2025,08:05,17:31
0021,08/05/2025,08:05,17:32
0022,08/05/2025,08:02,18:32
0024,08/05/2025,07:55,17:31
0097,08/05/2025,07:54,17:36
0111,08/05/2025,08:24,17:32
0125,08/05/2025,08:26,17:30
0145,08/05/2025,07:42,17:48
0152,08/05/2025,08:06,17:40
0154,08/05/2025,11:48,17:48
0201,08/05/2025,07:58,17:33
0218,08/05/2025,08:28,17:39
0220,08/05/2025,08:17,19:05
0262,08/05/2025,08:25,17:39
0279,08/05/2025,08:19,18:01
0286,08/05/2025,08:23,19:24
0291,08/05/2025,08:21,18:30
0305,08/05/2025,08:18,17:33
0306,08/05/2025,08:23,19:05
0010,09/05/2025,08:32,17:32
0013,09/05/2025,07:07,17:35
0014,09/05/2025,08:29,17:31
0021,09/05/2025,08:02,12:32
0022,09/05/2025,08:03,14:56
0052,09/05/2025,08:10,16:01
0085,09/05/2025,08:23,17:33
0097,09/05/2025,07:56,17:34
0111,09/05/2025,08:20,12:31
0152,09/05/2025,08:09,11:55
0154,09/05/2025,08:24,17:33
0201,09/05/2025,08:00,17:32
0253,09/05/2025,08:28,17:35
0262,09/05/2025,08:20,15:24
0279,09/05/2025,08:14,17:34
0281,09/05/2025,08:04,14:32
0284,09/05/2025,08:19,17:31
0286,09/05/2025,08:20,15:38
0291,09/05/2025,08:28,09:56
0305,09/05/2025,08:31,17:32
0306,09/05/2025,08:11,17:35
0010,13/05/2025,08:05,17:32
0013,13/05/2025,07:08,17:32
0014,13/05/2025,08:26,17:30
0019,13/05/2025,07:58,17:42
0021,13/05/2025,08:07,17:33
0022,13/05/2025,08:16,18:21
0052,13/05/2025,08:13,17:32
0060,13/05/2025,08:05,17:32
0085,13/05/2025,08:06,17:33
0097,13/05/2025,08:13,17:33
0111,13/05/2025,08:30,17:35
0125,13/05/2025,07:35,17:33
0145,13/05/2025,07:59,17:37
0152,13/05/2025,08:02,09:34
0154,13/05/2025,08:21,17:38
0218,13/05/2025,10:24,17:37
0220,13/05/2025,10:21,20:42
0253,13/05/2025,08:30,17:34
0279,13/05/2025,08:19,17:37
0281,13/05/2025,08:10,17:38
0284,13/05/2025,08:29,17:07
0286,13/05/2025,09:26,20:42
0291,13/05/2025,08:23,20:43
0305,13/05/2025,08:30,17:36
0306,13/05/2025,08:24,19:12
0005,14/05/2025,08:20,17:33
0010,14/05/2025,08:14,17:32
0013,14/05/2025,07:03,17:31
0014,14/05/2025,08:25,17:32
0019,14/05/2025,07:50,17:30
0021,14/05/2025,08:07,17:40
0022,14/05/2025,08:12,17:40
0024,14/05/2025,08:18,17:30
0052,14/05/2025,08:15,17:31
0060,14/05/2025,07:59,17:32
0097,14/05/2025,08:07,17:37
0111,14/05/2025,08:21,17:39
0125,14/05/2025,08:15,17:31
0145,14/05/2025,07:59,17:45
0152,14/05/2025,08:11,17:32
0154,14/05/2025,08:30,17:45
0218,14/05/2025,08:28,17:41
0220,14/05/2025,08:32,21:01
0253,14/05/2025,08:28,17:33
0262,14/05/2025,08:22,16:29
0279,14/05/2025,08:08,17:45
0281,14/05/2025,08:09,17:35
0284,14/05/2025,10:25,17:32
0286,14/05/2025,08:21,16:29
0291,14/05/2025,08:14,17:44
0305,14/05/2025,08:13,17:34
0306,14/05/2025,08:10,17:49
0005,15/05/2025,08:24,17:31
0010,15/05/2025,08:17,17:30
0013,15/05/2025,07:05,17:31
0014,15/05/2025,08:36,17:30
0019,15/05/2025,07:40,17:30
0021,15/05/2025,08:04,17:33
0022,15/05/2025,08:05,19:25
0024,15/05/2025,08:14,17:30
0052,15/05/2025,07:44,17:30
0060,15/05/2025,08:10,17:31
0085,15/05/2025,08:27,17:31
0097,15/05/2025,08:07,17:43
0111,15/05/2025,08:19,17:33
0125,15/05/2025,07:47,17:31
0145,15/05/2025,07:46,17:47
0152,15/05/2025,08:14,17:31
0154,15/05/2025,08:28,17:47
0201,15/05/2025,07:48,17:32
0218,15/05/2025,08:22,18:57
0220,15/05/2025,08:19,16:14
0253,15/05/2025,08:29,17:32
0262,15/05/2025,08:26,19:29
0279,15/05/2025,08:23,17:47
0281,15/05/2025,08:06,17:32
0284,15/05/2025,08:28,17:32
0286,15/05/2025,08:21,19:25
0291,15/05/2025,08:23,18:46
0305,15/05/2025,08:14,17:33
0306,15/05/2025,08:21,18:09
0005,16/05/2025,08:28,17:42
0010,16/05/2025,08:16,17:33
0013,16/05/2025,06:56,17:33
0014,16/05/2025,08:28,17:33
0019,16/05/2025,07:48,17:32
0021,16/05/2025,08:04,17:35
0022,16/05/2025,08:16,18:35
0060,16/05/2025,08:30,17:32
0097,16/05/2025,08:00,17:33
0111,16/05/2025,08:15,17:34
0125,16/05/2025,08:06,17:32
0152,16/05/2025,08:14,17:34
0154,16/05/2025,08:21,15:22
0201,16/05/2025,07:57,17:34
0220,16/05/2025,08:16,19:31
0253,16/05/2025,08:29,17:32
0279,16/05/2025,08:23,18:58
0284,16/05/2025,08:27,17:34
0286,16/05/2025,08:27,19:42
0305,16/05/2025,08:25,17:32
0306,16/05/2025,08:22,17:40
0005,19/05/2025,08:28,17:30
0010,19/05/2025,08:21,17:35
0013,19/05/2025,06:56,17:37
0019,19/05/2025,07:51,17:30
0022,19/05/2025,08:23,18:18
0024,19/05/2025,08:10,17:15
0052,19/05/2025,07:39,09:02
0060,19/05/2025,08:13,17:31
0085,19/05/2025,08:20,17:36
0097,19/05/2025,08:11,17:36
0111,19/05/2025,08:31,17:40
0125,19/05/2025,07:54,17:34
0145,19/05/2025,08:11,17:38
0152,19/05/2025,08:16,17:33
0154,19/05/2025,08:26,11:30
0201,19/05/2025,08:21,17:32
0218,19/05/2025,08:26,17:41
0220,19/05/2025,08:21,19:12
0253,19/05/2025,08:29,17:41
0281,19/05/2025,08:08,17:33
0286,19/05/2025,08:18,18:38
0291,19/05/2025,08:06,18:17
0305,19/05/2025,08:02,17:32
0306,19/05/2025,07:59,19:08
0005,20/05/2025,08:27,17:40
0010,20/05/2025,08:16,17:32
0014,20/05/2025,08:29,17:32
0019,20/05/2025,07:50,17:30
0024,20/05/2025,08:07,10:02
0060,20/05/2025,08:20,17:30
0085,20/05/2025,08:16,17:32
0111,20/05/2025,08:21,17:37
0125,20/05/2025,07:45,17:32
0145,20/05/2025,08:00,17:35
0152,20/05/2025,08:18,17:30
0154,20/05/2025,08:22,17:35
0201,20/05/2025,07:55,17:33
0220,20/05/2025,08:29,17:16
0253,20/05/2025,08:30,17:32
0262,20/05/2025,08:26,18:01
0279,20/05/2025,08:23,18:09
0281,20/05/2025,08:11,17:32
0284,20/05/2025,08:19,17:33
0286,20/05/2025,12:26,18:16
0291,20/05/2025,08:21,18:09
0305,20/05/2025,08:20,17:33
0306,20/05/2025,08:24,17:32
0005,21/05/2025,08:24,17:33
0010,21/05/2025,08:16,17:31
0013,21/05/2025,12:39,17:31
0014,21/05/2025,08:27,17:30
0019,21/05/2025,08:09,17:31
0021,21/05/2025,07:59,17:47
0022,21/05/2025,08:21,18:40
0024,21/05/2025,08:10,09:53
0060,21/05/2025,07:48,17:31
0085,21/05/2025,08:20,17:31
0097,21/05/2025,08:06,17:33
0111,21/05/2025,08:19,17:47
0125,21/05/2025,08:11,17:30
0145,21/05/2025,07:35,17:39
0152,21/05/2025,08:06,17:31
0154,21/05/2025,08:20,10:50
0201,21/05/2025,07:57,17:33
0218,21/05/2025,08:28,17:37
0220,21/05/2025,08:22,18:49
0262,21/05/2025,08:26,17:52
0279,21/05/2025,08:16,17:39
0281,21/05/2025,11:46,17:36
0284,21/05/2025,08:28,17:34
0291,21/05/2025,09:08,18:49
0305,21/05/2025,08:16,17:33
0306,21/05/2025,08:25,18:49
0005,22/05/2025,08:11,17:30
0010,22/05/2025,08:15,17:31
0013,22/05/2025,07:07,17:33
0014,22/05/2025,08:25,17:30
0019,22/05/2025,07:49,17:32
0021,22/05/2025,07:55,17:33
0022,22/05/2025,08:09,18:50
0060,22/05/2025,08:11,17:32
0111,22/05/2025,08:25,17:33
0125,22/05/2025,07:54,17:32
0145,22/05/2025,07:45,17:41
0152,22/05/2025,13:47,17:31
0201,22/05/2025,08:21,17:37
0218,22/05/2025,08:27,17:39
0220,22/05/2025,08:20,19:44
0253,22/05/2025,08:28,17:33
0262,22/05/2025,08:29,17:47
0279,22/05/2025,08:19,17:41
0281,22/05/2025,08:14,14:14
0284,22/05/2025,08:21,17:35
0291,22/05/2025,08:21,13:10
0306,22/05/2025,08:16,19:44
0005,23/05/2025,08:20,17:30
0010,23/05/2025,08:15,17:31
0013,23/05/2025,07:04,15:02
0014,23/05/2025,08:30,17:30
0021,23/05/2025,08:03,13:33
0022,23/05/2025,08:10,18:42
0024,23/05/2025,08:17,17:30
0052,23/05/2025,07:18,15:38
0085,23/05/2025,08:20,17:33
0125,23/05/2025,08:03,17:33
0145,23/05/2025,07:51,17:41
0154,23/05/2025,08:28,17:41
0218,23/05/2025,08:23,17:33
0220,23/05/2025,08:13,18:41
0253,23/05/2025,08:29,17:30
0262,23/05/2025,08:28,18:13
0279,23/05/2025,08:14,17:53
0281,23/05/2025,08:18,17:37
0284,23/05/2025,08:28,17:34
0291,23/05/2025,08:20,18:41
0005,26/05/2025,08:25,17:31
0010,26/05/2025,08:24,17:34
0013,26/05/2025,07:12,17:31
0014,26/05/2025,08:26,17:31
0019,26/05/2025,08:18,17:30
0021,26/05/2025,08:06,17:31
0022,26/05/2025,08:29,18:45
0024,26/05/2025,08:16,17:30
0052,26/05/2025,07:49,17:30
0060,26/05/2025,08:19,17:31
0085,26/05/2025,08:19,17:35
0097,26/05/2025,08:07,17:32
0111,26/05/2025,08:24,17:31
0125,26/05/2025,07:50,17:36
0145,26/05/2025,07:54,17:38
0152,26/05/2025,08:02,17:32
0154,26/05/2025,08:29,17:38
0201,26/05/2025,08:02,18:04
0218,26/05/2025,08:29,17:35
0253,26/05/2025,08:29,17:32
0279,26/05/2025,08:19,17:58
0281,26/05/2025,08:10,17:37
0284,26/05/2025,12:48,17:34
0291,26/05/2025,08:25,18:00
0305,26/05/2025,08:21,17:34
0306,26/05/2025,08:16,18:31
0005,27/05/2025,08:10,17:32
0010,27/05/2025,08:24,17:31
0013,27/05/2025,06:57,17:31
0014,27/05/2025,08:30,17:30
0019,27/05/2025,08:20,15:03
0021,27/05/2025,08:06,17:33
0022,27/05/2025,08:21,17:45
0024,27/05/2025,08:04,17:30
0052,27/05/2025,07:42,17:30
0060,27/05/2025,08:16,17:31
0097,27/05/2025,08:02,17:32
0111,27/05/2025,08:30,17:33
0125,27/05/2025,07:52,17:30
0145,27/05/2025,07:53,17:34
0152,27/05/2025,08:16,17:30
0154,27/05/2025,08:26,17:34
0218,27/05/2025,08:28,17:33
0253,27/05/2025,08:29,17:32
0279,27/05/2025,08:23,16:48
0281,27/05/2025,08:10,16:06
0284,27/05/2025,08:28,17:32
0305,27/05/2025,08:16,17:31
0306,27/05/2025,07:56,18:00
0005,28/05/2025,07:56,17:38
0010,28/05/2025,08:16,17:32
0013,28/05/2025,06:59,17:31
0014,28/05/2025,08:28,17:31
0021,28/05/2025,08:01,17:31
0022,28/05/2025,08:24,18:41
0024,28/05/2025,08:06,12:32
0052,28/05/2025,07:24,17:31
0060,28/05/2025,08:19,17:31
0085,28/05/2025,08:23,08:23
0097,28/05/2025,08:04,17:32
0111,28/05/2025,08:24,17:31
0125,28/05/2025,07:39,17:32
0145,28/05/2025,08:02,17:39
0152,28/05/2025,08:14,17:31
0154,28/05/2025,08:32,17:39
0201,28/05/2025,08:14,17:33
0218,28/05/2025,08:35,17:35
0253,28/05/2025,08:28,17:31
0262,28/05/2025,08:25,17:33
0284,28/05/2025,08:29,17:33
0305,28/05/2025,08:22,17:33
0306,28/05/2025,08:14,18:42
0005,29/05/2025,08:13,17:39
0013,29/05/2025,07:02,17:31
0014,29/05/2025,08:48,17:31
0021,29/05/2025,08:01,17:47
0022,29/05/2025,08:08,20:43
0052,29/05/2025,07:36,17:31
0060,29/05/2025,08:24,17:31
0085,29/05/2025,08:24,17:36
0097,29/05/2025,07:56,17:33
0111,29/05/2025,08:14,17:11
0125,29/05/2025,07:46,17:35
0145,29/05/2025,07:38,17:38
0154,29/05/2025,08:22,17:38
0201,29/05/2025,08:24,17:32
0218,29/05/2025,08:27,17:40
0253,29/05/2025,08:29,17:38
0262,29/05/2025,08:33,18:14
0284,29/05/2025,08:27,17:32
0286,29/05/2025,08:24,16:06
0305,29/05/2025,08:16,17:32
0306,29/05/2025,08:21,17:40
0005,30/05/2025,08:14,17:35
0010,30/05/2025,08:08,17:35
0013,30/05/2025,06:54,17:36
0019,30/05/2025,08:06,17:32
0021,30/05/2025,08:08,17:32
0022,30/05/2025,08:06,18:24
0024,30/05/2025,08:16,17:31
0052,30/05/2025,07:17,17:32
0060,30/05/2025,08:10,17:32
0085,30/05/2025,08:24,17:35
0097,30/05/2025,08:02,17:31
0111,30/05/2025,08:21,17:31
0125,30/05/2025,07:56,17:39
0145,30/05/2025,08:01,17:35
0154,30/05/2025,11:22,17:36
0201,30/05/2025,08:27,17:34
0218,30/05/2025,08:24,17:41
0253,30/05/2025,08:34,17:45
0262,30/05/2025,08:27,18:25
0284,30/05/2025,08:28,17:34
0286,30/05/2025,08:13,18:24
0305,30/05/2025,08:27,17:33
0306,30/05/2025,08:21,18:24
